{
    "KPlugin": {
        "Authors": [
            {
                "Email": "l4k1987@gmail.com",
                "Name": "l4k1"
            },
            {
                "Email": "l4k1987@gmail.com",
                "Name": "l4k1"
            }
        ],
        "Category": "",
        "Description": "Default Breeze-Blur-Blue-V.2 KDE Desktop",
        "Id": "org.Breeze-Blur-Blue-V.2.desktop",
        "License": "GPLv3+",
        "Name": "Breeze-Blur-Blue-V.2",
        "ServiceTypes": [
            "Plasma/LookAndFeel"
        ],
        "Version": "2.0",
        "Website": "http://www.kde.org"
    },
    "Keywords": "Desktop;Workspace;Appearance;Look and Feel;Logout;Lock;Suspend;Shutdown;Hibernate;",
    "Keywords[ca@valencia]": "Escriptori;Espai de treball;Aparença;Aparença i comportament;Eixida;Bloqueig;Suspensió;Aturada;Hibernació;",
    "Keywords[ca]": "Escriptori;Espai de treball;Aparença;Aparença i comportament;Sortida;Bloqueig;Suspensió;Aturada;Hibernació;",
    "Keywords[da]": "Skrivebord;Desktop;Arbejdsområde;Udseende;log ud;Lås;Suspendér;Nedlukning;dvale;",
    "Keywords[de]": "Desktop;Arbeitsfläche;Erscheinungsbild;Erscheinungsbild und Verhalten;Abmelden;Sperren;Standby;Ruhezustand;Tiefschlaf;Herunterfahren;",
    "Keywords[el]": "Επιφάνεια εργασίας;Χώρος εργασίας;Εμφάνιση;Όψη και Αίσθηση;Αποσύνδεση;Κλείδωμα;Αναστολή;Τερματισμός;Νάρκη;",
    "Keywords[en_GB]": "Desktop;Workspace;Appearance;Look and Feel;Logout;Lock;Suspend;Shutdown;Hibernate;",
    "Keywords[es]": "Escritorio;Espacio de trabajo;Apariencia;Aspecto visual;Cerrar sesión;Bloquear;Suspender;Apagar;Hibernar;",
    "Keywords[et]": "töölaud;töötsoon;välimus;väljalogimine;lukustamine;seiskamine;väljalülitamine;talveuni;uni;",
    "Keywords[fi]": "Desktop;Workspace;Appearance;Look and Feel;Logout;Lock;Suspend;Shutdown;Hibernate;Työpöytä;Työtila;Ulkoasu;Ulkoasu ja tuntuma;Kirjaudu ulos;Lukitse;Valmiustila;Sammuta;Lepotila;",
    "Keywords[fr]": "bureau;espace de travail;apparence;déconnexion;verrouillage;suspension;arrêt;hibernation",
    "Keywords[gl]": "Escritorio;Espazo de traballo;Aparencia;Aparencia e Comportamento;Saír;Trancar;Bloquear;Suspender;Apagar;Hibernar",
    "Keywords[hu]": "Asztal;Munkaterület;Megjelenés;Kinézet;Kijelentkezés;Zárolás;Felfüggesztés;Leállítás;Hibernálás",
    "Keywords[id]": "Desktop;Ruang Kerja;Tampilan;Tampilan dan Rasa;Keluar;Kunci;Suspensi;Matikan;Hibernasi;",
    "Keywords[is]": "skjáborð;vinnusvæði;útlit;ásýnd og hegðun;Útskráning;Læsing;setja í bið;slökkva;svæfa;",
    "Keywords[it]": "desktop;spazio di lavoro;aspetto;uscita;blocco;sospensione;spegnimento;ibernazione;",
    "Keywords[ja]": "デスクトップ;ワークスペース;外観;外観と挙動;ログアウト;ロック;サスペンド;シャットダウン;休止状態;",
    "Keywords[ko]": "Desktop;Workspace;Appearance;Look and Feel;Logout;Lock;Suspend;Shutdown;Hibernate;데스크톱;작업공간;모양;로그아웃;잠금;대기모드;종료;끄기;최대절전모드;",
    "Keywords[lt]": "Darbalaukis;Erdvė;Išvaizda;Išvaizda ir turinys;Atsijungti;užrakinti;sulaikyti;Išjungti;Hibernuoti;",
    "Keywords[nl]": "Bureaublad;Werkruimte;Uiterlijk;Uiterlijk en gedrag;Afmelden;Vergrendelen;Onderbreken;Afsluiten;Slapen naar schijf;",
    "Keywords[nn]": "skrivebord;arbeidsområde;arbeidsflate;ustjånad;åtferd;utlogging;logga ut;låsa;låsing;pausemodus;kvilemodus;dvalemodus;avslutting;",
    "Keywords[pl]": "Pulpit;Przestrzeń robocza;Wygląd;Wygląd i Odczucia;Wylogowanie;Zablokowanie ;Wstrzymanie;Zamknięcie;Hibernowanie;Wrażenia;",
    "Keywords[pt]": "Ecrã;Área de Trabalho;Aparência;Aparência e Comportamento;Encerrar;Bloquear;Suspender;Desligar;Hibernar;",
    "Keywords[pt_BR]": "Área de trabalho;Espaço de trabalho;Aparência;Aparência e Comportamento;Encerrar sessão;Bloquear;Suspender;Desligar;Hibernar;",
    "Keywords[ru]": "Desktop;Workspace;Appearance;Look and Feel;Logout;Lock;Suspend;Shutdown;Hibernate;рабочий стол;рабочая среда;внешний вид;визуальное представление;выход;завершение сеанса;блокировка;приостановка работы;завершение работы;выключение;спящий режим;ждущий режим;",
    "Keywords[sk]": "Plocha;pracovná plocha;vzhľad;nastavenie;odhlásenie;zamknutie;uspanie;vypnutie;hibernácia;",
    "Keywords[sl]": "Namizje;delovni prostor;videz;videz in občutek;odjava;zaklep;pripravljenost;izklop;mirovanje;",
    "Keywords[sr@ijekavian]": "Desktop;Workspace;Appearance;Look and Feel;Logout;Lock;Suspend;Shutdown;Hibernate;површ;радни простор;изглед;осећај;одјављивање;закључавање;суспендовање;гашење;хибернисање;",
    "Keywords[sr@ijekavianlatin]": "Desktop;Workspace;Appearance;Look and Feel;Logout;Lock;Suspend;Shutdown;Hibernate;površ;radni prostor;izgled;osećaj;odjavljivanje;zaključavanje;suspendovanje;gašenje;hibernisanje;",
    "Keywords[sr@latin]": "Desktop;Workspace;Appearance;Look and Feel;Logout;Lock;Suspend;Shutdown;Hibernate;površ;radni prostor;izgled;osećaj;odjavljivanje;zaključavanje;suspendovanje;gašenje;hibernisanje;",
    "Keywords[sr]": "Desktop;Workspace;Appearance;Look and Feel;Logout;Lock;Suspend;Shutdown;Hibernate;површ;радни простор;изглед;осећај;одјављивање;закључавање;суспендовање;гашење;хибернисање;",
    "Keywords[sv]": "Skrivbord;Arbetsrymd;Utseende;Utseende och känsla;Utloggning;Lås;Viloläge;Avstängning;Dvala;",
    "Keywords[tr]": "Masaüstü;Çalışma Alanı;Görünüm;Görünüm ve Doku;Çık;Kilitle;Askıya Al;Kapat;Uyku;",
    "Keywords[uk]": "Desktop;Workspace;Appearance;Look and Feel;Logout;Lock;Suspend;Shutdown;Hibernate;стільниця;робочий простір;воркспейс;вигляд;вигляд і поведінка;вихід;вийти;заблокувати;замкнути;призупинити;вимкнути;приспати;",
    "Keywords[x-test]": "xxDesktopxx;xxWorkspacexx;xxAppearancexx;xxLook and Feelxx;xxLogoutxx;xxLockxx;xxSuspendxx;xxShutdownxx;xxHibernatexx;",
    "Keywords[zh_CN]": "Desktop;Workspace;Appearance;Look and Feel;Logout;Lock;Suspend;Shutdown;Hibernate;桌面;工作空间;外观;观感;注销;锁定;待机;关机;休眠;",
    "Keywords[zh_TW]": "Desktop;Workspace;Appearance;Look and Feel;Logout;Lock;Suspend;Shutdown;Hibernate;",
    "X-KDE-ParentApp": "",
    "X-Plasma-MainScript": "defaults"
}
